name1,0,email@gmail,pass,pass
name2,0,email@gmail,pass,pass
name3,0,email@gmail,pass,pass
name4,0,email@gmail,pass,pass
name5,0,email@gmail,pass,pass
name6,0,email@gmail,pass,pass
name7,0,email@gmail,pass,pass
name8,0,email@gmail,pass,pass
name9,0,email@gmail,pass,pass
name10,0,email@gmail,pass,pass
name11,0,email@gmail,pass,pass
name12,0,email@gmail,pass,pass
name13,0,email@gmail,pass,pass
name14,0,email@gmail,pass,pass
name15,0,email@gmail,pass,pass
name16,0,email@gmail,pass,pass
name17,0,email@gmail,pass,pass
name18,0,email@gmail,pass,pass
name19,0,email@gmail,pass,pass
name20,0,email@gmail,pass,pass
name21,0,email@gmail,pass,pass
name22,0,email@gmail,pass,pass
name23,0,email@gmail,pass,pass
name24,0,email@gmail,pass,pass
name25,0,email@gmail,pass,pass
name26,0,email@gmail,pass,pass
name27,0,email@gmail,pass,pass
name28,0,email@gmail,pass,pass
name29,0,email@gmail,pass,pass
name30,0,email@gmail,pass,pass
name31,0,email@gmail,pass,pass
name32,0,email@gmail,pass,pass
name33,0,email@gmail,pass,pass
name34,0,email@gmail,pass,pass
name35,0,email@gmail,pass,pass
name36,0,email@gmail,pass,pass
name37,0,email@gmail,pass,pass
name38,0,email@gmail,pass,pass
name39,0,email@gmail,pass,pass
name40,0,email@gmail,pass,pass
name41,0,email@gmail,pass,pass
name42,0,email@gmail,pass,pass
name43,0,email@gmail,pass,pass
name44,0,email@gmail,pass,pass
name45,0,email@gmail,pass,pass
name46,0,email@gmail,pass,pass
name47,0,email@gmail,pass,pass
name48,0,email@gmail,pass,pass
name49,0,email@gmail,pass,pass
name50,0,email@gmail,pass,pass
name51,0,email@gmail,pass,pass
name52,0,email@gmail,pass,pass
name53,0,email@gmail,pass,pass
name54,0,email@gmail,pass,pass
name55,0,email@gmail,pass,pass
name56,0,email@gmail,pass,pass
name57,0,email@gmail,pass,pass
name58,0,email@gmail,pass,pass
name59,0,email@gmail,pass,pass
name60,0,email@gmail,pass,pass
name61,0,email@gmail,pass,pass
name62,0,email@gmail,pass,pass
name63,0,email@gmail,pass,pass
name64,0,email@gmail,pass,pass
name65,0,email@gmail,pass,pass
name66,0,email@gmail,pass,pass
name67,0,email@gmail,pass,pass
name68,0,email@gmail,pass,pass
name69,0,email@gmail,pass,pass
name70,0,email@gmail,pass,pass
name71,0,email@gmail,pass,pass
name72,0,email@gmail,pass,pass
name73,0,email@gmail,pass,pass
name74,0,email@gmail,pass,pass
name75,0,email@gmail,pass,pass
name76,0,email@gmail,pass,pass
name77,0,email@gmail,pass,pass
name78,0,email@gmail,pass,pass
name79,0,email@gmail,pass,pass
name80,0,email@gmail,pass,pass
name81,0,email@gmail,pass,pass
name82,0,email@gmail,pass,pass
name83,0,email@gmail,pass,pass
name84,0,email@gmail,pass,pass
name85,0,email@gmail,pass,pass
name86,0,email@gmail,pass,pass
name87,0,email@gmail,pass,pass
name88,0,email@gmail,pass,pass
name89,0,email@gmail,pass,pass
name90,0,email@gmail,pass,pass
name91,0,email@gmail,pass,pass
name92,0,email@gmail,pass,pass
name93,0,email@gmail,pass,pass
name94,0,email@gmail,pass,pass
name95,0,email@gmail,pass,pass
name96,0,email@gmail,pass,pass
name97,0,email@gmail,pass,pass
name98,0,email@gmail,pass,pass
name99,0,email@gmail,pass,pass
name100,0,email@gmail,pass,pass